{
    "cost": [
        250.60341202555045
    ],
    "time": [
        0.5449905395507812
    ]
}