{
    "cost": [
        259.93153586373427,
        239.93153586373427
    ],
    "time": [
        0.4470021724700928,
        0.7380280494689941
    ]
}